<?xml version="1.0" encoding="utf-8"?>
<!DOCTYPE hibernate-mapping PUBLIC "-//Hibernate/Hibernate Mapping DTD 3.0//EN"
"http://www.hibernate.org/dtd/hibernate-mapping-3.0.dtd">
<!-- 
    Mapping file autogenerated by MyEclipse Persistence Tools
-->
<hibernate-mapping>
    <class name="org.pcat.inventory.model.Inventory" table="inventory" catalog="pcat">
        <id name="id" type="java.lang.Integer">
            <column name="id" />
            <generator class="increment" />
        </id>
         <property name="productName" type="java.lang.String">
            <column name="product_name" not-null="true" />
        </property>
         <property name="productDesc" type="java.lang.String">
            <column name="product_desc" not-null="true" />
        </property>
        <property name="totalInventory" type="java.lang.Integer">
            <column name="total_inventory" not-null="true" />
        </property>
        <property name="reservedInventory" type="java.lang.Integer">
            <column name="reserved_inventory" not-null="true" />
        </property>
         <property name="location" type="java.lang.String">
            <column name="location" not-null="true" />
        </property>
        <one-to-one name="familyInventory" class="org.pcat.inventory.model.FamilyInventory"></one-to-one>
    </class>
</hibernate-mapping>
