<?xml version="1.0" encoding="utf-8"?>
<!DOCTYPE hibernate-mapping PUBLIC "-//Hibernate/Hibernate Mapping DTD 3.0//EN"
"http://www.hibernate.org/dtd/hibernate-mapping-3.0.dtd">
<!-- 
    Mapping file autogenerated by MyEclipse Persistence Tools
-->
<hibernate-mapping>
    <class name="org.pcat.inventory.model.Location" table="location" catalog="pcat">
        <id name="id" type="java.lang.Integer">
            <column name="id" />
            <generator class="identity" />
        </id>
        <property name="locationName" type="java.lang.String">
            <column name="location_name" not-null="true" />
        </property>
        <one-to-one name="inventory" class="org.pcat.inventory.model.Inventory"></one-to-one>
    </class>
</hibernate-mapping>
