<?xml version="1.0" encoding="utf-8"?>
<!DOCTYPE hibernate-mapping PUBLIC "-//Hibernate/Hibernate Mapping DTD 3.0//EN"
"http://www.hibernate.org/dtd/hibernate-mapping-3.0.dtd">
<!-- 
    Mapping file autogenerated by MyEclipse Persistence Tools
-->
<hibernate-mapping>
    <class name="org.pcat.inventory.model.PendingRequest" table="pending_request" catalog="pcat">
        <id name="id" type="java.lang.Integer">
            <column name="id" />
            <generator class="identity" />
        </id>
        <one-to-one name="inventory" class="org.pcat.inventory.model.Inventory"></one-to-one>
        <property name="userId" type="java.lang.Integer">
            <column name="user_id" not-null="true" />
        </property>
        <property name="requestDate" type="java.sql.Timestamp">
            <column name="request_date" length="19" not-null="true" />
        </property>
        <property name="familyId" type="java.lang.String">
            <column name="family_id" not-null="true" />
        </property>
    </class>
</hibernate-mapping>
