<?xml version="1.0" encoding="utf-8"?>
<!DOCTYPE hibernate-mapping PUBLIC "-//Hibernate/Hibernate Mapping DTD 3.0//EN"
"http://www.hibernate.org/dtd/hibernate-mapping-3.0.dtd">
<!-- 
    Mapping file autogenerated by MyEclipse Persistence Tools
-->
<hibernate-mapping>
    <class name="org.pcat.inventory.model.ProductType" table="product_type" catalog="pcat">
        <id name="id" type="java.lang.Integer">
            <column name="id" />
            <generator class="identity" />
        </id>
        <property name="productName" type="java.lang.String">
            <column name="product_name" not-null="true" />
        </property>
        <property name="productDesc" type="java.lang.String">
            <column name="product_desc" length="65535" />
        </property>
        <set name="inventories" inverse="true">
            <key>
                <column name="product_type_id" not-null="true" />
            </key>
            <one-to-many class="org.pcat.inventory.model.Inventory" />
        </set>
    </class>
</hibernate-mapping>
