<?xml version="1.0" encoding="utf-8"?>
<!DOCTYPE hibernate-mapping PUBLIC "-//Hibernate/Hibernate Mapping DTD 3.0//EN"
"http://www.hibernate.org/dtd/hibernate-mapping-3.0.dtd">
<!-- 
    Mapping file autogenerated by MyEclipse Persistence Tools
-->
<hibernate-mapping>
    <class name="org.pcat.inventory.model.RequestArchive" table="request_archive" catalog="pcat">
        <id name="id" type="java.lang.Integer">
            <column name="id" />
            <generator class="assigned" />
        </id>
        <property name="productName" type="java.lang.String">
            <column name="product_name" />
        </property>
        <property name="productLocation" type="java.lang.String">
            <column name="product_location" />
        </property>
        <property name="requestDate" type="java.sql.Timestamp">
            <column name="request_date" length="19" not-null="true" />
        </property>
        <property name="familyId" type="java.lang.String">
            <column name="family_id" not-null="true" />
        </property>
        <property name="quantity" type="java.lang.Integer">
            <column name="quantity" not-null="true" />
        </property>
        <property name="requestedDate" type="java.sql.Timestamp">
            <column name="requested_date" length="19" not-null="true" />
        </property>
        <property name="requestStatus" type="java.lang.String">
            <column name="request_status" length="9" />
        </property>
    </class>
</hibernate-mapping>
