<?xml version="1.0" encoding="utf-8"?>
<!DOCTYPE hibernate-mapping PUBLIC "-//Hibernate/Hibernate Mapping DTD 3.0//EN"
"http://www.hibernate.org/dtd/hibernate-mapping-3.0.dtd">
<!-- 
    Mapping file autogenerated by MyEclipse Persistence Tools
-->
<hibernate-mapping>
    <class name="org.pcat.inventory.model.ReturnsArchive" table="returns_archive" catalog="pcat">
        <id name="id" type="java.lang.Integer">
            <column name="id" />
            <generator class="assigned" />
        </id>
        <property name="familyId" type="java.lang.String">
            <column name="family_id" not-null="true" />
        </property>
        <property name="productName" type="java.lang.String">
            <column name="product_name" />
        </property>
        <property name="productLocation" type="java.lang.String">
            <column name="product_location" />
        </property>
        <property name="quantity" type="java.lang.Integer">
            <column name="quantity" />
        </property>
        <property name="returnedDate" type="java.sql.Timestamp">
            <column name="returned_date" length="19" not-null="true" />
        </property>
    </class>
</hibernate-mapping>
