<?xml version="1.0" encoding="UTF-8"?>
<beans xmlns:mvc="http://www.springframework.org/schema/mvc"
	xmlns:xsi="http://www.w3.org/2001/XMLSchema-instance" xmlns="http://www.springframework.org/schema/beans"
	xmlns:context="http://www.springframework.org/schema/context" xmlns:tx="http://www.springframework.org/schema/tx"
	xsi:schemaLocation="http://www.springframework.org/schema/mvc http://www.springframework.org/schema/mvc/spring-mvc.xsd
		http://www.springframework.org/schema/beans http://www.springframework.org/schema/beans/spring-beans.xsd
		http://www.springframework.org/schema/tx http://www.springframework.org/schema/tx/spring-tx.xsd
		http://www.springframework.org/schema/context http://www.springframework.org/schema/context/spring-context.xsd">


	<mvc:annotation-driven />

	<mvc:resources mapping="/**" location="/" />

	<bean
		class="org.springframework.web.servlet.view.InternalResourceViewResolver">
		<property name="prefix" value="/" />
		<property name="suffix" value="" />
	</bean>

	<context:component-scan base-package="org.pcat.inventory" />

	<bean id="dataSource" class="org.apache.commons.dbcp2.BasicDataSource"
		destroy-method="close">
		<property name="driverClassName" value="com.mysql.jdbc.Driver" />
		<property name="url" value="jdbc:mysql://localhost:3306/pcat" />
		<property name="username" value="root" />
		<property name="password" value="root" />
	</bean>

	<bean id="sessionFactory"
		class="org.springframework.orm.hibernate4.LocalSessionFactoryBean">
		<property name="dataSource" ref="dataSource" />
		<property name="configLocation" value="classpath:hibernate.cfg.xml" />
	</bean>

	<tx:annotation-driven />
	<bean id="transactionManager"
		class="org.springframework.orm.hibernate4.HibernateTransactionManager">
		<property name="sessionFactory" ref="sessionFactory" />
	</bean>

	<!-- SET default mail properties -->
	<bean id="mailSender" class="org.springframework.mail.javamail.JavaMailSenderImpl">
		<property name="host" value="smtp.gmail.com" />
		<property name="port" value="587" />
		<property name="username" value="pcatinventory@gmail.com" />
		<property name="password" value="nonprofit123" />
		<property name="javaMailProperties">
			<props>
				<prop key="mail.smtp.host">smtp.gmail.com</prop>
				<prop key="mail.smtp.auth">true</prop>
				<prop key="mail.smtp.debug">true</prop>
				<prop key="mail.smtp.port">587</prop>
				<prop key="mail.smtp.socketFactory.port">587</prop>
				<prop key="mail.transport.protocol">smtp</prop>
				<prop key="mail.smtp.auth">true</prop>
				<prop key="mail.smtp.starttls.enable">true</prop>
				<prop key="mail.debug">true</prop>
			</props>
		</property>
	</bean>
</beans>